Path,Name
O:/Nat_Ecoinformatics/C_Write/_User/DerekCorcoran_au687614/ChelsaMirror/2061-2080/rcp85/ACCESS1-0_rcp85_.tif,ACC0
O:/Nat_Ecoinformatics/C_Write/_User/DerekCorcoran_au687614/ChelsaMirror/2061-2080/rcp85/bcc-csm1-1_rcp85_.tif,bc11
O:/Nat_Ecoinformatics/C_Write/_User/DerekCorcoran_au687614/ChelsaMirror/2061-2080/rcp85/BNU-ESM_rcp85_.tif,BNUE
O:/Nat_Ecoinformatics/C_Write/_User/DerekCorcoran_au687614/ChelsaMirror/2061-2080/rcp85/CanESM2_rcp85_.tif,CESM
O:/Nat_Ecoinformatics/C_Write/_User/DerekCorcoran_au687614/ChelsaMirror/2061-2080/rcp85/CCSM4_rcp85_.tif,CCSM
O:/Nat_Ecoinformatics/C_Write/_User/DerekCorcoran_au687614/ChelsaMirror/2061-2080/rcp85/CESM1-BGC_rcp85_.tif,CESB
O:/Nat_Ecoinformatics/C_Write/_User/DerekCorcoran_au687614/ChelsaMirror/2061-2080/rcp85/CESM1-CAM5_rcp85_.tif,CESC
O:/Nat_Ecoinformatics/C_Write/_User/DerekCorcoran_au687614/ChelsaMirror/2061-2080/rcp85/CMCC-CM_rcp85_.tif,CMCC CM
O:/Nat_Ecoinformatics/C_Write/_User/DerekCorcoran_au687614/ChelsaMirror/2061-2080/rcp85/CMCC-CMS_rcp85_.tif,CMCCCMS
O:/Nat_Ecoinformatics/C_Write/_User/DerekCorcoran_au687614/ChelsaMirror/2061-2080/rcp85/CNRM-CM5_rcp85_.tif,CNRC
O:/Nat_Ecoinformatics/C_Write/_User/DerekCorcoran_au687614/ChelsaMirror/2061-2080/rcp85/CSIRO-Mk3-6-0_rcp85_.tif,CM60
O:/Nat_Ecoinformatics/C_Write/_User/DerekCorcoran_au687614/ChelsaMirror/2061-2080/rcp85/FGOALS-g2_rcp85_.tif,FGOg
O:/Nat_Ecoinformatics/C_Write/_User/DerekCorcoran_au687614/ChelsaMirror/2061-2080/rcp85/FIO-ESM_rcp85_.tif,FIOE
O:/Nat_Ecoinformatics/C_Write/_User/DerekCorcoran_au687614/ChelsaMirror/2061-2080/rcp85/GFDL-CM3_rcp85_.tif,GFDC
O:/Nat_Ecoinformatics/C_Write/_User/DerekCorcoran_au687614/ChelsaMirror/2061-2080/rcp85/GFDL-ESM2G_rcp85_.tif,GFDLESM2G
O:/Nat_Ecoinformatics/C_Write/_User/DerekCorcoran_au687614/ChelsaMirror/2061-2080/rcp85/GFDL-ESM2M_rcp85_.tif,GFDLESM2M
O:/Nat_Ecoinformatics/C_Write/_User/DerekCorcoran_au687614/ChelsaMirror/2061-2080/rcp85/GISS-E2-H-CC_rcp85_.tif,GEHC
O:/Nat_Ecoinformatics/C_Write/_User/DerekCorcoran_au687614/ChelsaMirror/2061-2080/rcp85/GISS-E2-H_rcp85_.tif,GIEH
O:/Nat_Ecoinformatics/C_Write/_User/DerekCorcoran_au687614/ChelsaMirror/2061-2080/rcp85/GISS-E2-R-CC_rcp85_.tif,GERC
O:/Nat_Ecoinformatics/C_Write/_User/DerekCorcoran_au687614/ChelsaMirror/2061-2080/rcp85/GISS-E2-R_rcp85_.tif,GIER
O:/Nat_Ecoinformatics/C_Write/_User/DerekCorcoran_au687614/ChelsaMirror/2061-2080/rcp85/HadGEM2-AO_rcp85_.tif,HGEA
O:/Nat_Ecoinformatics/C_Write/_User/DerekCorcoran_au687614/ChelsaMirror/2061-2080/rcp85/HadGEM2-CC_rcp85_.tif,HGEC
O:/Nat_Ecoinformatics/C_Write/_User/DerekCorcoran_au687614/ChelsaMirror/2061-2080/rcp85/inmcm4_rcp85_.tif,inm4
O:/Nat_Ecoinformatics/C_Write/_User/DerekCorcoran_au687614/ChelsaMirror/2061-2080/rcp85/IPSL-CM5A-LR_rcp85_.tif,IPCL
O:/Nat_Ecoinformatics/C_Write/_User/DerekCorcoran_au687614/ChelsaMirror/2061-2080/rcp85/IPSL-CM5A-MR_rcp85_.tif,IPCM
O:/Nat_Ecoinformatics/C_Write/_User/DerekCorcoran_au687614/ChelsaMirror/2061-2080/rcp85/MIROC-ESM-CHEM_rcp85_.tif,MIEC
O:/Nat_Ecoinformatics/C_Write/_User/DerekCorcoran_au687614/ChelsaMirror/2061-2080/rcp85/MIROC-ESM_rcp85_.tif,MIRE
O:/Nat_Ecoinformatics/C_Write/_User/DerekCorcoran_au687614/ChelsaMirror/2061-2080/rcp85/MIROC5_rcp85_.tif,MIRO
O:/Nat_Ecoinformatics/C_Write/_User/DerekCorcoran_au687614/ChelsaMirror/2061-2080/rcp85/MPI-ESM-LR_rcp85_.tif,MPEL
O:/Nat_Ecoinformatics/C_Write/_User/DerekCorcoran_au687614/ChelsaMirror/2061-2080/rcp85/MPI-ESM-MR_rcp85_.tif,MPEM
O:/Nat_Ecoinformatics/C_Write/_User/DerekCorcoran_au687614/ChelsaMirror/2061-2080/rcp85/MRI-CGCM3_rcp85_.tif,MRIC
O:/Nat_Ecoinformatics/C_Write/_User/DerekCorcoran_au687614/ChelsaMirror/2061-2080/rcp85/MRI-ESM1_rcp85_.tif,MRIE
O:/Nat_Ecoinformatics/C_Write/_User/DerekCorcoran_au687614/ChelsaMirror/2061-2080/rcp85/NorESM1-M_rcp85_.tif,NESM
